modelo,cv_accuracy_media,cv_accuracy_desvio,cv_f1_macro_media,cv_f1_macro_desvio,cv_precision_macro_media,cv_recall_macro_media,teste_accuracy,teste_f1_macro,teste_precision_macro,teste_recall_macro
Random Forest,0.9808282637803581,0.006108891383416707,0.9804461391798075,0.006378492070744638,0.9807849145124586,0.9804614776531096,0.9904306220095693,0.9899762654132223,0.9902139716713562,0.9898199615677272
Extra Trees,0.977235446831045,0.004463393784643999,0.9766122594623022,0.0047275088119972265,0.9768743234262277,0.9765459793528007,0.9808612440191388,0.9798637280706081,0.9803617549225877,0.9799677448189587
Gradient Boosting,0.973036651468771,0.00529997962942119,0.9722135685755299,0.005599995397743775,0.9726519892553176,0.972295022173142,0.9808612440191388,0.9799935358758889,0.9812526271542665,0.979738814644475
Decision Tree,0.9628534156516797,0.0022179938321738248,0.9619892923067566,0.002075353507414353,0.9624773329758648,0.9620516884949666,0.9808612440191388,0.9810107928380568,0.9821611681325978,0.9804861804861805
Logistic Regression,0.9580583289203467,0.0008658858274519675,0.9570433593466946,0.00128210880697783,0.9580923768044408,0.9572551997813731,0.9688995215311005,0.9682715235572763,0.9681622395364959,0.9684186207082582
SVM RBF,0.9185136630372542,0.0008840911291673973,0.9157033851735698,0.0014508604271275074,0.9199234765231282,0.9160232959462288,0.9258373205741627,0.9239291124516594,0.9269063911683493,0.9234099317177866
KNN,0.9041445479164244,0.012395226269539428,0.9008486710854949,0.01339619224282617,0.9013674910505122,0.9009257034055279,0.916267942583732,0.9126881889661014,0.9125048879298634,0.9130496443385041
Naive Bayes,0.7981101653686028,0.03726668263198479,0.7742682763109544,0.037007723719159266,0.8380541485960382,0.7990477678747254,0.7870813397129187,0.7613890089731574,0.8321416539359342,0.7900220583215481
